{"is_source_file": false, "format": "", "description": "", "external_files": [], "external_methods": [], "published": [], "classes": [], "methods": [], "calls": [], "search-terms": [], "state": 2, "file_id": 3, "knowledge_revision": 7, "git_revision": "24542a6fa5f3c27e16991dbe1b1326a1adfde38a", "hash": "b584d8936b91a01f13a45c2252449033", "format-version": 4, "code-base-name": "notes_backend", "filename": "notes_backend/Properties/launchSettings.json", "revision_history": [{"7": "24542a6fa5f3c27e16991dbe1b1326a1adfde38a"}]}