{"is_source_file": true, "format": "C# (ASP.NET Core / Minimal API)", "description": "This is a C# source file implementing a REST API for a simple notes application using ASP.NET Core Minimal API approach. It handles CRUD operations on notes stored in-memory, with OpenAPI/Swagger setup for API documentation, and CORS configuration for frontend integration.", "external_files": ["OpenAPI/Swagger UI assets", "ASP.NET Core framework assemblies", "System.Collections.Concurrent", "System.ComponentModel.DataAnnotations"], "external_methods": ["WebApplication.CreateBuilder", "builder.Services.AddEndpointsApiExplorer", "builder.Services.AddOpenApiDocument", "builder.Services.AddCors", "app.UseCors", "app.UseOpenApi", "app.UseSwaggerUi", "app.MapGet", "app.MapPost", "app.MapPut", "app.MapDelete", "app.Run"], "published": ["Note", "CreateNoteRequest", "UpdateNoteRequest", "InMemoryNotesStore"], "classes": [{"name": "Note", "description": "Represents a note with ID, title, content, creation and update timestamps."}, {"name": "CreateNoteRequest", "description": "Data transfer object for creating a new note."}, {"name": "UpdateNoteRequest", "description": "Data transfer object for updating an existing note."}, {"name": "InMemoryNotesStore", "description": "In-memory thread-safe storage for notes with methods for CRUD operations."}], "methods": [{"name": "List", "description": "Returns all notes in the store."}, {"name": "Get", "description": "Retrieves a note by its ID."}, {"name": "Create", "description": "Adds a new note to the store."}, {"name": "Update", "description": "Updates an existing note."}, {"name": "Delete", "description": "Removes a note by its ID."}], "calls": ["WebApplication.CreateBuilder", "builder.Services.AddEndpointsApiExplorer", "builder.Services.AddOpenApiDocument", "builder.Services.AddCors", "app.UseCors", "app.UseOpenApi", "app.UseSwaggerUi", "app.MapGet", "app.MapPost", "app.MapPut", "app.MapDelete", "app.Run"], "search-terms": ["Notes API", "InMemoryNotesStore", "Minimal API", "Swagger", "CORS policy", "CRUD endpoints", "Health check"], "state": 2, "file_id": 1, "knowledge_revision": 12, "git_revision": "24542a6fa5f3c27e16991dbe1b1326a1adfde38a", "revision_history": [{"11": "24542a6fa5f3c27e16991dbe1b1326a1adfde38a"}, {"12": "24542a6fa5f3c27e16991dbe1b1326a1adfde38a"}], "hash": "d3a1874e28d90267edcb3fdd5ce78ea2", "format-version": 4, "code-base-name": "notes_backend", "filename": "notes_backend/Program.cs"}