{"is_source_file": false, "format": "", "description": "", "external_files": [], "external_methods": [], "published": [], "classes": [], "methods": [], "calls": [], "search-terms": [], "state": 2, "file_id": 4, "knowledge_revision": 9, "git_revision": "24542a6fa5f3c27e16991dbe1b1326a1adfde38a", "hash": "477a525a47fc9bdbbf94690e6633d843", "format-version": 4, "code-base-name": "notes_backend", "filename": "notes_backend/appsettings.Development.json", "revision_history": [{"9": "24542a6fa5f3c27e16991dbe1b1326a1adfde38a"}]}