{"is_source_file": false, "format": "", "description": "", "external_files": [], "external_methods": [], "published": [], "classes": [], "methods": [], "calls": [], "search-terms": [], "state": 2, "file_id": 2, "knowledge_revision": 10, "git_revision": "24542a6fa5f3c27e16991dbe1b1326a1adfde38a", "hash": "732f4d75514e890746f0170256ed9654", "format-version": 4, "code-base-name": "notes_backend", "filename": "notes_backend/appsettings.json", "revision_history": [{"10": "24542a6fa5f3c27e16991dbe1b1326a1adfde38a"}]}